Product URL,Product Name,Product Price,Rating,Number of Reviews
https://www.amazon.in/Skybags-Brat-Black-Casual-Backpack/dp/B08Z1HHHTD/ref=sr_1_1?crid=2M096C61O4MLT&keywords=bags&qid=1692632315&sprefix=ba%2Caps%2C283&sr=8-1,Skybags Brat Black 46 Cms Casual Backpack,₹649,4.1 out of 5 stars,"5,522"
https://www.amazon.in/American-Tourister-AMT-SCH-02/dp/B07CJCGM1M/ref=ice_ac_b_dpb?crid=2M096C61O4MLT&keywords=bags&qid=1692632315&sprefix=ba%2Caps%2C283&sr=8-2,American Tourister Fizz Large Size 32 Ltrs Casual Backpack (BLACK),"₹1,199",4.0 out of 5 stars,"55,248"
https://www.amazon.in/Number-Backpack-Compartment-Charging-Organizer/dp/B09VTDMRY7/ref=sr_1_3?crid=2M096C61O4MLT&keywords=bags&qid=1692632315&sprefix=ba%2Caps%2C283&sr=8-3,"FUR JADEN Anti Theft Number Lock Backpack Bag with 15.6 Inch Laptop Compartment, USB Charging Port & Organizer Pocket for Men Women Boys Girls",₹679,4.0 out of 5 stars,"5,603"
https://www.amazon.in/TRUE-HUMAN-Anti-Theft-backpack-charging/dp/B09QJ7ZF2Y/ref=sr_1_4?crid=2M096C61O4MLT&keywords=bags&qid=1692632315&sprefix=ba%2Caps%2C283&sr=8-4,TRUE HUMAN EMPEROR® Anti-Theft backpack With USB charging Port Laptop bag/Office bag/college bag/travel bag with anti -theft back pocket (LEGEND),₹599,3.7 out of 5 stars,"2,463"
https://www.amazon.in/gp/bestsellers/luggage/1984997031/ref=sr_bs_4_1984997031_1,"Fur Jaden 55 LTR Rucksack Travel Backpack Bag for Trekking, Hiking with Shoe Compartment",₹849,4.3 out of 5 stars,"5,599"
https://www.amazon.in/Police-Polyester-laptop-casual-backpack/dp/B09CQ5T3LN/ref=sr_1_6?crid=2M096C61O4MLT&keywords=bags&qid=1692632315&sprefix=ba%2Caps%2C283&sr=8-6,POLICE Backpack for Men Casual Laptop Bag Office/Travel/College 30 Ltr Hedge Polyester - Black,"₹1,399",4.1 out of 5 stars,"5,852"
https://www.amazon.in/FUR-JADEN-Leatherette-Polypropylene-DUFF05/dp/B07M9BRCQ5/ref=sr_1_7?crid=2M096C61O4MLT&keywords=bags&qid=1692632315&sprefix=ba%2Caps%2C283&sr=8-7,Fur Jaden Brown Textured Leatherette Stylish & Spacious Weekender Duffle Bag for Travel,₹899,4.3 out of 5 stars,"6,505"
https://www.amazon.in/Half-Moon-Backpack-Luggage-Compartment/dp/B09VCLZ3K4/ref=sr_1_8?crid=2M096C61O4MLT&keywords=bags&qid=1692632315&sprefix=ba%2Caps%2C283&sr=8-8,Half Moon Large 37L Laptop Bag Backpack for menं Women Boys and Girls Luggage Travel Bags with 17.3 inches Laptop Compartment & Rain Cover,₹849,3.9 out of 5 stars,"3,442"
https://www.amazon.in/gp/bestsellers/luggage/2917507031/ref=sr_bs_8_2917507031_1,Sfane Polyester 23cms Duffle/Shoulder/Gym Bag for Men & Women with Separate Shoe Compartment (Grey),₹387,4.3 out of 5 stars,"7,908"
https://www.amazon.in/Gear-Classic-Leather-Backpack-LBPCLSLTH0201/dp/B07G4F6XFH/ref=sr_1_10?crid=2M096C61O4MLT&keywords=bags&qid=1692632315&sprefix=ba%2Caps%2C283&sr=8-10,Gear Classic 20L Small Size Faux Leather Water Resistant Anti Theft Unisex Laptop Backpack- Brown,₹979,4.4 out of 5 stars,"6,040"
https://www.amazon.in/Safari-45L-21-OB-BLK/dp/B07BZ5VC4H/ref=sr_1_11?crid=2M096C61O4MLT&keywords=bags&qid=1692632315&sprefix=ba%2Caps%2C283&sr=8-11,Safari Seek 45 Ltrs Overnighter Expandable Travel Laptop Backpack,"₹2,099",4.5 out of 5 stars,"7,383"
https://www.amazon.in/American-Tourister-BACKPACK-COMPARTMENT-ORGANIZER/dp/B0BTD4FK9G/ref=sr_1_12?crid=2M096C61O4MLT&keywords=bags&qid=1692632315&sprefix=ba%2Caps%2C283&sr=8-12,"American Tourister VALEX BLUE LAPTOP BACKPACK 28 Ltrs,Volume, LAPTOP COMPARTMENT, BOTTLE POCKET, FRONT ORGANIZER","₹1,399",4.2 out of 5 stars,664
https://www.amazon.in/Backpack-Small-Black-Water-Repellant/dp/B088XB5XY8/ref=sr_1_13?crid=2M096C61O4MLT&keywords=bags&qid=1692632315&sprefix=ba%2Caps%2C283&sr=8-13,"Mi Step Out 12 L Mini Backpack (Small Size, Black, Water Repellant)",₹398,4.1 out of 5 stars,"9,705"
https://www.amazon.in/Half-Moon-Waterproof-Backpack-Students/dp/B085MHDJ93/ref=sr_1_14?crid=2M096C61O4MLT&keywords=bags&qid=1692632315&sprefix=ba%2Caps%2C283&sr=8-14,"Half Moon 35 Ltrs Water Resistant 15.6 inch Laptop Bag for Men/Backpack for Men, Navy Blue | Office Bag for Men/Office Bag for Women with Padded Laptop Compartment | Rain Cover & Reflective Strips",₹649,3.9 out of 5 stars,"16,960"
https://www.amazon.in/ADISA-Laptop-Backpack-Office-College/dp/B09TPX22NF/ref=sr_1_15?crid=2M096C61O4MLT&keywords=bags&qid=1692632315&sprefix=ba%2Caps%2C283&sr=8-15,ADISA 15.6 inch laptop backpack office bag college travel back pack 32 Ltrs,₹499,3.9 out of 5 stars,"1,148"
https://www.amazon.in/Gear-Black-Laptop-Backpack-LBPASPIRE0104/dp/B075MK4TXP/ref=sr_1_16?crid=2M096C61O4MLT&keywords=bags&qid=1692632315&sprefix=ba%2Caps%2C283&sr=8-16,Gear Aspire 30L Water Restant Office Laptop Bag/Backpack for Men/Women/(Black),"₹1,115",4.4 out of 5 stars,"6,154"
https://www.amazon.in/ROZEN-School-partition-Collage-Backpack/dp/B0BRTDXVZC/ref=sr_1_65?crid=2M096C61O4MLT&keywords=bags&qid=1692632318&sprefix=ba%2Caps%2C283&sr=8-65,"ROZEN 47 Ltrs, 46 cms School Bag Class 5-12 Large 5 partition Laptop Collage Office Travel Backpack Unisex",₹697,4.0 out of 5 stars,199
https://www.amazon.in/ADISA-Womens-Girls-Party-Crossbody/dp/B0B2WBJ2H8/ref=sr_1_66?crid=2M096C61O4MLT&keywords=bags&qid=1692632318&sprefix=ba%2Caps%2C283&sr=8-66,ADISA Women's Girls Party Sling Bag Crossbody,₹394,3.9 out of 5 stars,613
https://www.amazon.in/Gear-Black-Casual-Backpack-MDBKPECO50104/dp/B0757MBSS6/ref=sr_1_67?crid=2M096C61O4MLT&keywords=bags&qid=1692632318&sprefix=ba%2Caps%2C283&sr=8-67,Gear Casual Backpack,₹399,3.8 out of 5 stars,"2,244"
https://www.amazon.in/LOOKMUSTER-Waterproof-Backpack-College-Business/dp/B0BZW8KW18/ref=sr_1_68?crid=2M096C61O4MLT&keywords=bags&qid=1692632318&sprefix=ba%2Caps%2C283&sr=8-68,LOOKMUSTER (15.6 inch 30 L Casual Waterproof Laptop Backpack/Office Bag/School Bag/College Bag/Business Bag/Unisex Travel Backpack,₹439,3.8 out of 5 stars,54
https://www.amazon.in/Safari-Laptop-Backpack-Compartments-Resistant/dp/B09B27S9SG/ref=sr_1_69?crid=2M096C61O4MLT&keywords=bags&qid=1692632318&sprefix=ba%2Caps%2C283&sr=8-69,"Safari Tribe 35 Ltrs Large Laptop Backpack with 3 Compartments, Water Resistant Fabric - Black (TRIBE19CBBLK)","₹1,109",3.8 out of 5 stars,"1,711"
https://www.amazon.in/WILDHORN-Backpack-Compartment-Business-Stitching/dp/B09QL66G55/ref=sr_1_70?crid=2M096C61O4MLT&keywords=bags&qid=1692632318&sprefix=ba%2Caps%2C283&sr=8-70,"WILDHORN 31L Laptop Backpack for Men/Women I Fits upto 15.6"" Laptop I Waterproof I Travel/Business/College Bookbags",₹599,4.0 out of 5 stars,"1,609"
https://www.amazon.in/Tabelito-NEXA-Backpack-Business-Compartment/dp/B0C2D3YR7T/ref=sr_1_71?crid=2M096C61O4MLT&keywords=bags&qid=1692632318&sprefix=ba%2Caps%2C283&sr=8-71,"Tabelito® NEXA 3O L Water Resistant Laptop/College/Office/School/Travel/Business Bag, Unisex Backpack for Men Women Fits Up to 15.6 Inch Laptop Notebook. (GREY)",₹399,4.2 out of 5 stars,115
https://www.amazon.in/ADISA-BP010-Weight-Casual-Backpack/dp/B07MXL986B/ref=sr_1_72?crid=2M096C61O4MLT&keywords=bags&qid=1692632318&sprefix=ba%2Caps%2C283&sr=8-72,ADISA 32 Ltrs Water Resistant Casual Travel Bagpack/College Backpack/School Office Bag for Men and Women,₹499,3.9 out of 5 stars,"4,122"
https://www.amazon.in/Casual-Backpack-Charging-Laptop-Compartment/dp/B07J46KLFP/ref=sr_1_73?crid=2M096C61O4MLT&keywords=bags&qid=1692632318&sprefix=ba%2Caps%2C283&sr=8-73,"Fur Jaden 15.6 Inch Laptop Backpack 25 LTR Bag for School, College and Office with USB Charging Port",₹479,3.9 out of 5 stars,"10,361"
https://www.amazon.in/Classic-Leather-Laptop-Backpack-LBPCLSLTH1901/dp/B07G4CYC74/ref=sr_1_74?crid=2M096C61O4MLT&keywords=bags&qid=1692632318&sprefix=ba%2Caps%2C283&sr=8-74,Gear Classic 20L Small Size Faux Leather Water Resistant Anti Theft Unisex Laptop Backpack- Tan-Black,₹969,4.4 out of 5 stars,"2,514"
https://www.amazon.in/Bennett-15-6-inch-College-Repellent-Backpack/dp/B09WZKHSDR/ref=sr_1_75?crid=2M096C61O4MLT&keywords=bags&qid=1692632318&sprefix=ba%2Caps%2C283&sr=8-75,"Bennett Casual Laptop Bag School Bags for Boys Girls 15.6-inch, 25 LTR Office & College bags for Mens Water Repellent Backpack for Men & Women (GREY)",₹512,3.9 out of 5 stars,710
https://www.amazon.in/Fur-Jaden-Camping-Rucksack-Backpack/dp/B07PMWMN19/ref=sr_1_76?crid=2M096C61O4MLT&keywords=bags&qid=1692632318&sprefix=ba%2Caps%2C283&sr=8-76,Fur Jaden Hiking Camping Rucksack Casual 10 Ltrs Blue Casual Backpack,₹249,3.6 out of 5 stars,"7,975"
https://www.amazon.in/Gear-Classic-Casual-Backpack-BKPCAMPS80304/dp/B019FBEJCO/ref=sr_1_77?crid=2M096C61O4MLT&keywords=bags&qid=1692632318&sprefix=ba%2Caps%2C283&sr=8-77,Gear Campus8 25L Water Resistant School Bag/Backpack/College Bag for Men/Women - Green Grey,₹674,4.1 out of 5 stars,"1,244"
https://www.amazon.in/BennettTM-Shoulder-Messenger-Repellent-Charcoal/dp/B09CV24TMK/ref=sr_1_78?crid=2M096C61O4MLT&keywords=bags&qid=1692632318&sprefix=ba%2Caps%2C283&sr=8-78,Bennett™ Mystic Unisex Adult Men's Laptop Bag 15.6 inch Side Shoulder Briefcase Satchel Messenger Business Bags for Men & Women Front Pocket for Laptop Accessories - Black (6 Month Warranty),₹512,4.0 out of 5 stars,"6,453"
https://www.amazon.in/Number-Backpack-Compartment-Charging-Organizer/dp/B09VTCNN75/ref=sr_1_79?crid=2M096C61O4MLT&keywords=bags&qid=1692632318&sprefix=ba%2Caps%2C283&sr=8-79,"FUR JADEN Anti Theft Number Lock Backpack Bag with 15.6 Inch Laptop Compartment, USB Charging Port & Organizer Pocket for Men Women Boys Girls",₹679,4.0 out of 5 stars,"5,603"
https://www.amazon.in/Genie-Snowflake-School-Backpack-resistant/dp/B084VR37RQ/ref=sr_1_80?crid=2M096C61O4MLT&keywords=bags&qid=1692632318&sprefix=ba%2Caps%2C283&sr=8-80,"Genie Snowflake 36 Litres Teal & Blue School Backpack (19 inch, Water resistant)","₹1,104",4.3 out of 5 stars,"1,191"
https://www.amazon.in/Tabelito-NEXA-Backpack-Business-Compartment/dp/B0C2D4KWQ6/ref=sr_1_193?crid=2M096C61O4MLT&keywords=bags&qid=1692632321&sprefix=ba%2Caps%2C283&sr=8-193,"Tabelito® NEXA 3O L Water Resistant Laptop/College/Office/School/Travel/Business Bag, Unisex Backpack for Men Women Fits Up to 15.6 Inch Laptop Notebook. (GREY)",₹399,4.2 out of 5 stars,115
https://www.amazon.in/HYDER-Gamepad-Waterproof-Backpack-Everyday/dp/B0BR3KK8TR/ref=sr_1_194?crid=2M096C61O4MLT&keywords=bags&qid=1692632321&sprefix=ba%2Caps%2C283&sr=8-194,"HYDER 35L Latest And Trendy Stylish Waterproof College/Casual/School Bag/Backpack For Kids, Boys, Girls, Men And Women | Best Bags For Everyday Use",₹729,4.2 out of 5 stars,162
https://www.amazon.in/Wildcraft-Turnaround-Polyester-Laptop-8903338054702/dp/B012D51GXO/ref=sr_1_195?crid=2M096C61O4MLT&keywords=bags&qid=1692632321&sprefix=ba%2Caps%2C283&sr=8-195,Wildcraft Turnaround Polyester 35 Ltrs Blue Laptop Bag (8903338054702),"₹1,840",4.4 out of 5 stars,"1,222"
https://www.amazon.in/bg1905-Capacity-Laptop-Travelling-Backpack/dp/B082MKHDJ1/ref=sr_1_196?crid=2M096C61O4MLT&keywords=bags&qid=1692632321&sprefix=ba%2Caps%2C283&sr=8-196,TSPARK Red Lemon bg1905 15.6 inch 35 LTR Capacity Laptop Bag for Men Travelling Hiking Backpack for Men and Women,"₹2,799",4.1 out of 5 stars,96
https://www.amazon.in/Frantic-Velvet-School-Nursery-Travelling/dp/B09176PYDR/ref=sr_1_197?crid=2M096C61O4MLT&keywords=bags&qid=1692632321&sprefix=ba%2Caps%2C283&sr=8-197,Frantic Velvet Kids School/Nursery/Picnic/Carry/Travelling Bag - 2 to 5 Year Age,₹299,3.8 out of 5 stars,"2,124"
https://www.amazon.in/American-Tourister-Casual-Travel-Duffle/dp/B00FRCNRPQ/ref=sr_1_198?crid=2M096C61O4MLT&keywords=bags&qid=1692632321&sprefix=ba%2Caps%2C283&sr=8-198,American Tourister X - Bag Nylon 55 Cms Travel Duffle Bag (Black),"₹1,899",4.3 out of 5 stars,676
https://www.amazon.in/Trunkit-Waterproof-Travelling-Trekking-Backpack/dp/B08GZB73RZ/ref=sr_1_199?crid=2M096C61O4MLT&keywords=bags&qid=1692632321&sprefix=ba%2Caps%2C283&sr=8-199,Trunkit Waterproof Travelling Trekking Hiking Camping Bag Backpack Series 55 litres Mt Calling Rucksack with Rain Cover,₹559,4.0 out of 5 stars,"1,035"
https://www.amazon.in/Gear-ltr-Black-Orange-DUFPRO2000106/dp/B00Z93WSVW/ref=sr_1_200?crid=2M096C61O4MLT&keywords=bags&qid=1692632321&sprefix=ba%2Caps%2C283&sr=8-200,Gear polyester 44 cms Duffle Bag(DUFPRO2000106_Black),₹429,4.3 out of 5 stars,837
https://www.amazon.in/Martucci-Waterproof-Backpack-College-Business/dp/B0BRJRVH6D/ref=sr_1_201?crid=2M096C61O4MLT&keywords=bags&qid=1692632321&sprefix=ba%2Caps%2C283&sr=8-201,Martucci Jersey 45L Casual Waterproof Laptop Backpack/Office Bag/School Bag/College Bag/Business Bag/Unisex Travel Backpack,₹809,3.6 out of 5 stars,169
https://www.amazon.in/Dolfin-Backpack-Charging-Resistant-Compartment/dp/B0C5RNGRBP/ref=sr_1_202?crid=2M096C61O4MLT&keywords=bags&qid=1692632321&sprefix=ba%2Caps%2C283&sr=8-202,"Dolfin WaterProof Unisex Laptop Backpack 32L with USB Charging Port C, 15.6 inch Compartment, Water-Resistant and Scratch Resistant, Premium Material Laptop Office Bag for Men and Women","₹1,699",5.0 out of 5 stars,3
https://www.amazon.in/Dell-Essential-Backpack-15-ES1520P/dp/B07TTCXHRH/ref=sr_1_203?crid=2M096C61O4MLT&keywords=bags&qid=1692632321&sprefix=ba%2Caps%2C283&sr=8-203,Dell Essential Backpack 15 (ES1520P),"₹1,149",4.0 out of 5 stars,"6,513"
https://www.amazon.in/Gear-Black-Laptop-Backpack-BUSCLIMBR0109/dp/B015C73FCA/ref=sr_1_204?crid=2M096C61O4MLT&keywords=bags&qid=1692632321&sprefix=ba%2Caps%2C283&sr=8-204,Gear Climber 35L Water Resistant Office Laptop Bag/Backpack for Men/Women(Black),"₹1,099",4.0 out of 5 stars,358
https://www.amazon.in/Safari-Swagpack-Backpack-Compartments-Raincover/dp/B09B25QMKY/ref=sr_1_205?crid=2M096C61O4MLT&keywords=bags&qid=1692632321&sprefix=ba%2Caps%2C283&sr=8-205,Safari Swagpack 35 Ltrs Large Laptop Backpack With 3 Compartments and Raincover - Black (SWAGPACK19CBBLK),"₹1,255",3.7 out of 5 stars,503
https://www.amazon.in/Amazon-15-6-Inch-Backpack-College-Anti-Theft/dp/B0C8NWKRRH/ref=sr_1_206?crid=2M096C61O4MLT&keywords=bags&qid=1692632321&sprefix=ba%2Caps%2C283&sr=8-206,"Amazon Basics Slope 15.6-Inch Laptop Backpack for Office or College, Anti-Theft Design (23 L, Black)",₹869,4.3 out of 5 stars,218
https://www.amazon.in/Safari-Polyester-Cms-Travel-KRYPTON17DFBLK_Black/dp/B097L3XJ38/ref=sr_1_207?crid=2M096C61O4MLT&keywords=bags&qid=1692632321&sprefix=ba%2Caps%2C283&sr=8-207,Safari Polyester 24 Cms Travel Bag(KRYPTON17DFBLK_Black),₹690,4.0 out of 5 stars,47
https://www.amazon.in/Genie-compartments-Resistant-Lightweight-Travelling/dp/B097JJ64SH/ref=sr_1_208?crid=2M096C61O4MLT&keywords=bags&qid=1692632321&sprefix=ba%2Caps%2C283&sr=8-208,"Genie Fringe Laptop Backpack for Women, 3 compartments, Stylish and Trendy College Bags for Girls, Water Resistant and Lightweight Bags for Office and Travelling Purpose. 36 litres","₹1,305",4.5 out of 5 stars,15
